{"X":[-3.875,-3.865,-3.855,-3.845,-3.835,-3.825,-3.815,-3.805,-3.795,-3.785,-3.775,-3.765,-3.755,-3.745,-3.735,-3.725,-3.715,-3.705,-3.695,-3.685,-3.675,-3.665,-3.655,-3.645,-3.635,-3.625,-3.615,-3.605,-3.595,-3.585,-3.575,-3.565,-3.555,-3.545,-3.535,-3.525,-3.515,-3.505,-3.495,-3.485,-3.475,-3.465,-3.455,-3.445,-3.435,-3.425,-3.415,-3.405,-3.395,-3.385,-3.375,-3.365,-3.355,-3.345,-3.335,-3.325,-3.315,-3.305,-3.295,-3.285,-3.275,-3.265,-3.255,-3.245,-3.235,-3.225,-3.215,-3.205,-3.195,-3.185,-3.175,-3.165,-3.155,-3.145,-3.135,-3.125,-3.115,-3.105,-3.095,-3.085,-3.075,-3.065,-3.055,-3.045,-3.035,-3.025,-3.015,-3.005,-2.995,-2.985,-2.975,-2.965,-2.955,-2.945,-2.935,-2.925,-2.915,-2.905,-2.895,-2.885,-2.875,-2.865,-2.855,-2.845,-2.835,-2.825,-2.815,-2.805,-2.795,-2.785,-2.775,-2.765,-2.755,-2.745,-2.735,-2.725,-2.715,-2.705,-2.695,-2.685,-2.675,-2.665,-2.655,-2.645,-2.635,-2.625,-2.615,-2.605,-2.595,-2.585,-2.575,-2.565,-2.555,-2.545,-2.535,-2.525,-2.515,-2.505,-2.495,-2.485,-2.475,-2.465,-2.455,-2.445,-2.435,-2.425,-2.415,-2.405,-2.395,-2.385,-2.375,-2.365,-2.355,-2.345,-2.335,-2.325,-2.315,-2.305,-2.295,-2.285,-2.275,-2.265,-2.255,-2.245,-2.235,-2.225,-2.215,-2.205,-2.195,-2.185,-2.175,-2.165,-2.155,-2.145,-2.135,-2.125,-2.115,-2.105,-2.095,-2.085,-2.075,-2.065,-2.055,-2.045,-2.035,-2.025,-2.015,-2.005,-1.995,-1.985,-1.975,-1.965,-1.955,-1.945,-1.935,-1.925,-1.915,-1.905,-1.895,-1.885,-1.875,-1.865,-1.855,-1.845,-1.835,-1.825,-1.815,-1.805,-1.795,-1.785,-1.775,-1.765,-1.755,-1.745,-1.735,-1.725,-1.715,-1.705,-1.695,-1.685,-1.675,-1.665,-1.655,-1.645,-1.635,-1.625,-1.615,-1.605,-1.595,-1.585,-1.575,-1.565,-1.555,-1.545,-1.535,-1.525,-1.515,-1.505,-1.495,-1.485,-1.475,-1.465,-1.455,-1.445,-1.435,-1.425,-1.415,-1.405,-1.395,-1.385,-1.375,-1.365,-1.355,-1.345,-1.335,-1.325,-1.315,-1.305,-1.295,-1.285,-1.275,-1.265,-1.255,-1.245,-1.235,-1.225,-1.215,-1.205,-1.195,-1.185,-1.175,-1.165,-1.155,-1.145,-1.135,-1.125,-1.115,-1.105,-1.095,-1.085,-1.075,-1.065,-1.055,-1.045,-1.035,-1.025,-1.015,-1.005,-0.995,-0.985,-0.975,-0.965,-0.955,-0.945,-0.935,-0.925,-0.915,-0.905,-0.895,-0.885,-0.875,-0.865,-0.855,-0.845,-0.835,-0.825,-0.815,-0.805,-0.795,-0.785,-0.775,-0.765,-0.755,-0.745,-0.735,-0.725,-0.715,-0.705,-0.695,-0.685,-0.675,-0.665,-0.655,-0.645,-0.635,-0.625,-0.615,-0.605,-0.595,-0.585,-0.575,-0.565,-0.555,-0.545,-0.535,-0.525,-0.515,-0.505,-0.495,-0.485,-0.475,-0.465,-0.455,-0.445,-0.435,-0.425,-0.415,-0.405,-0.395,-0.385,-0.375,-0.365],"Y":[2.30833333333333,2.30833333333333,2.30833333333333,2.30833333333333,2.30833333333333,2.30833333333333,2.30833333333333,2.30833333333333,2.30833333333333,2.30833333333333,2.30833333333333,2.30833333333333,2.30833333333333,2.30833333333333,2.30833333333333,2.30833333333333,2.30833333333333,2.30833333333333,2.30833333333333,2.30833333333333,2.30833333333333,2.30833333333333,2.30833333333333,2.30833333333333,2.30833333333333,2.30833333333333,2.30833333333333,2.30833333333333,2.30833333333333,2.30833333333333,2.30833333333333,2.30833333333333,2.30833333333333,2.30833333333333,2.30833333333333,2.30833333333333,2.30833333333333,2.30833333333333,2.30833333333333,2.30833333333333,2.30833333333333,2.30833333333333,2.30833333333333,2.30833333333333,2.30833333333333,2.30833333333333,2.30833333333333,2.30833333333333,2.30833333333333,2.30833333333333,2.30833333333333,2.30833333333333,2.30833333333333,2.30833333333333,2.30833333333333,2.30833333333333,2.30833333333333,2.30833333333333,2.30833333333333,2.30833333333333,2.30833333333333,2.30833333333333,2.30833333333333,2.30833333333333,2.30833333333333,2.30833333333333,2.30833333333333,2.30833333333333,2.30833333333333,2.30833333333333,2.30833333333333,2.30833333333333,2.30833333333333,2.30833333333333,2.30833333333333,2.30833333333333,2.30833333333333,2.30833333333333,2.30833333333333,2.30833333333333,2.30833333333333,2.30833333333333,2.30833333333333,2.30833333333333,2.30833333333333,2.30833333333333,2.30833333333333,2.30833333333333,2.30833333333333,2.30833333333333,2.30833333333333,2.30833333333333,2.30833333333333,2.30833333333333,2.30833333333333,2.30833333333333,2.30833333333333,2.30833333333333,2.30833333333333,2.30833333333333,2.30833333333333,2.30833333333333,2.30833333333333,2.30833333333333,2.30833333333333,2.30833333333333,2.30833333333333,2.30833333333333,2.30833333333333,2.30833333333333,2.30833333333333,2.30833333333333,2.30833333333333,2.30833333333333,2.30833333333333,2.30833333333333,2.30833333333333,2.30833333333333,2.30833333333333,2.30833333333333,2.30833333333333,2.30833333333333,2.30833333333333,2.30833333333333,2.30833333333333,2.30833333333333,2.30833333333333,2.30833333333333,2.30833333333333,2.30833333333333,2.30833333333333,2.30833333333333,2.30833333333333,2.30833333333333,2.30833333333333,2.30833333333333,2.30833333333333,2.30833333333333,2.30833333333333,2.30833333333333,2.30833333333333,2.30833333333333,2.30833333333333,2.30833333333333,2.30833333333333,2.30833333333333,2.30833333333333,2.30833333333333,2.30833333333333,2.30833333333333,2.30833333333333,2.30833333333333,2.30833333333333,2.30833333333333,2.30833333333333,2.30833333333333,2.30833333333333,2.30833333333333,2.30833333333333,2.30833333333333,2.30833333333333,2.30833333333333,2.30833333333333,2.30833333333333,2.30833333333333,2.30833333333333,2.30833333333333,2.30833333333333,2.30833333333333,2.30833333333333,2.30833333333333,2.30833333333333,2.30833333333333,2.30833333333333,2.30833333333333,2.30833333333333,2.30833333333333,2.30833333333333,2.30833333333333,2.30833333333333,2.30833333333333,2.30833333333333,2.30833333333333,2.30833333333333,2.30833333333333,2.30833333333333,2.30833333333333,2.30833333333333,2.30833333333333,2.30833333333333,2.30833333333333,2.30833333333333,2.30833333333333,2.30833333333333,2.30833333333333,2.30833333333333,2.30833333333333,2.30833333333333,2.30833333333333,2.30833333333333,2.30833333333333,2.30833333333333,2.30833333333333,2.30833333333333,2.30833333333333,2.30833333333333,2.30833333333333,2.30833333333333,2.30833333333333,2.30833333333333,2.30833333333333,2.30833333333333,2.30833333333333,2.30833333333333,2.30833333333333,2.30833333333333,2.30833333333333,2.30833333333333,2.30833333333333,2.30833333333333,2.30833333333333,2.30833333333333,2.30833333333333,2.30833333333333,2.30833333333333,2.30833333333333,2.30833333333333,2.30833333333333,2.30833333333333,2.30833333333333,2.30833333333333,2.30833333333333,2.30833333333333,2.30833333333333,2.30833333333333,2.30833333333333,2.30833333333333,2.30833333333333,2.30833333333333,2.30833333333333,2.30833333333333,2.30833333333333,2.30833333333333,2.30833333333333,2.30833333333333,2.30833333333333,2.30833333333333,2.30833333333333,2.30833333333333,2.30833333333333,2.30833333333333,2.30833333333333,2.30833333333333,2.30833333333333,2.30833333333333,2.30833333333333,2.30833333333333,2.30833333333333,2.30833333333333,2.30833333333333,2.30833333333333,2.30833333333333,2.30833333333333,2.30833333333333,2.30833333333333,2.30833333333333,2.30833333333333,2.30833333333333,2.30833333333333,2.30833333333333,2.30833333333333,2.30833333333333,2.30833333333333,2.30833333333333,2.30833333333333,2.30833333333333,2.30833333333333,2.30833333333333,2.30833333333333,2.30833333333333,2.30833333333333,2.30833333333333,2.30833333333333,2.30833333333333,2.30833333333333,2.30833333333333,2.30833333333333,2.30833333333333,2.30833333333333,2.30833333333333,2.30833333333333,2.30833333333333,2.30833333333333,2.30833333333333,2.30833333333333,2.30833333333333,2.30833333333333,2.30833333333333,2.30833333333333,2.30833333333333,2.30833333333333,2.30833333333333,2.30833333333333,2.30833333333333,2.30833333333333,2.30833333333333,2.30833333333333,2.30833333333333,2.30833333333333,2.30833333333333,2.30833333333333,2.30833333333333,2.30833333333333,2.30833333333333,2.30833333333333,2.30833333333333,2.30833333333333,2.30833333333333,2.30833333333333,2.30833333333333,2.30833333333333,2.30833333333333,2.30833333333333,2.30833333333333,