{
    "X": [
        -2.44166666666667,
        -2.4402742391106282,
        -2.438881811554587,
        -2.437489383998545,
        -2.436096956442504,
        -2.434704528886462,
        -2.433312101330421,
        -2.431919673774379,
        -2.430527246218338,
        -2.429134818662296,
        -2.427742391106255,
        -2.426349963550213,
        -2.4249575359941713,
        -2.42356510843813,
        -2.4221726808820883,
        -2.420780253326047,
        -2.419387825770005,
        -2.417995398213964,
        -2.416602970657922,
        -2.415210543101881,
        -2.413818115545839,
        -2.412425687989798,
        -2.411033260433756,
        -2.409640832877715,
        -2.408248405321673,
        -2.4068559777656313,
        -2.40546355020959,
        -2.4040711226535483,
        -2.402678695097507,
        -2.4012862675414652,
        -2.399893839985424,
        -2.398501412429382,
        -2.397108984873341,
        -2.395716557317299,
        -2.394324129761258,
        -2.392931702205216,
        -2.3915392746491744,
        -2.390146847093133,
        -2.3887544195370913,
        -2.38736199198105,
        -2.3859695644250083,
        -2.384577136868967,
        -2.3831847093129253,
        -2.381792281756884,
        -2.380399854200842,
        -2.379007426644801,
        -2.377614999088759,
        -2.3762225715327174,
        -2.374830143976676,
        -2.3734377164206344,
        -2.372045288864593,
        -2.3706528613085514,
        -2.36926043375251,
        -2.3678680061964683,
        -2.366475578640427,
        -2.3650831510843853,
        -2.363690723528344,
        -2.3622982959723022,
        -2.360905868416261,
        -2.359513440860219
    ],
    "Y": [
        1.13333333333333,
        1.1234133588481834,
        1.1134933843630366,
        1.10357340987789,
        1.0936534353927432,
        1.0837334609075966,
        1.07381348642245,
        1.0638935119373032,
        1.0539735374521566,
        1.04405356296701,
        1.0341335884818632,
        1.0242136139967166,
        1.0142936395115698,
        1.0043736650264232,
        0.9944536905412765,
        0.9845337160561298,
        0.9746137415709832,
        0.9646937670858365,
        0.9547737926006898,
        0.9448538181155433,
        0.9349338436303966,
        0.9250138691452499,
        0.9150938946601032,
        0.9051739201749565,
        0.8952539456898099,
        0.8853339712046632,
        0.8754139967195165,
        0.8654940222343699,
        0.8555740477492231,
        0.8456540732640765,
        0.8357340987789298,
        0.8258141242937831,
        0.8158941498086365,
        0.8059741753234897,
        0.7960542008383431,
        0.7861342263531964,
        0.7762142518680497,
        0.7662942773829031,
        0.7563743028977564,
        0.7464543284126097,
        0.7365343539274631,
        0.7266143794423163,
        0.7166944049571697,
        0.706774430472023,
        0.6968544559868763,
        0.6869344815017298,
        0.6770145070165831,
        0.6670945325314364,
        0.6571745580462897,
        0.647254583561143,
        0.6373346090759964,
        0.6274146345908497,
        0.617494660105703,
        0.6075746856205563,
        0.5976547111354097,
        0.587734736650263,
        0.5778147621651163,
        0.5678947876799696,
        0.557974813194823,
        0.5480548387096763
    ]
}