{
    "X": [
        -2.44166666666667,
        -2.44166666666667,
        -2.44166666666667,
        -2.44166666666667,
        -2.44166666666667,
        -2.44166666666667,
        -2.44166666666667,
        -2.44166666666667,
        -2.44166666666667,
        -2.44166666666667,
        -2.44166666666667,
        -2.44166666666667,
        -2.44166666666667,
        -2.44166666666667,
        -2.44166666666667,
        -2.44166666666667,
        -2.44166666666667,
        -2.44166666666667,
        -2.44166666666667,
        -2.44166666666667,
        -2.44166666666667,
        -2.44166666666667,
        -2.44166666666667,
        -2.44166666666667,
        -2.44166666666667,
        -2.44166666666667,
        -2.44166666666667,
        -2.44166666666667,
        -2.44166666666667,
        -2.44166666666667,
        -2.44166666666667,
        -2.44166666666667,
        -2.44166666666667,
        -2.44166666666667,
        -2.44166666666667,
        -2.44166666666667,
        -2.44166666666667,
        -2.44166666666667,
        -2.44166666666667,
        -2.44166666666667,
        -2.44166666666667,
        -2.44166666666667,
        -2.44166666666667,
        -2.44166666666667,
        -2.44166666666667,
        -2.44166666666667,
        -2.44166666666667,
        -2.44166666666667,
        -2.44166666666667,
        -2.44166666666667,
        -2.44166666666667,
        -2.44166666666667,
        -2.44166666666667,
        -2.44166666666667,
        -2.44166666666667,
        -2.44166666666667,
        -2.44166666666667,
        -2.44166666666667,
        -2.44166666666667,
        -2.44166666666667,
        -2.44166666666667,
        -2.44166666666667,
        -2.44166666666667,
        -2.44166666666667,
        -2.44166666666667,
        -2.44166666666667,
        -2.44166666666667,
        -2.44166666666667,
        -2.44166666666667,
        -2.44166666666667,
        -2.44166666666667,
        -2.44166666666667
    ],
    "Y": [
        -1.13333333333333,
        -1.14333333333333,
        -1.15333333333333,
        -1.16333333333333,
        -1.17333333333333,
        -1.18333333333333,
        -1.19333333333333,
        -1.20333333333333,
        -1.21333333333333,
        -1.22333333333333,
        -1.23333333333333,
        -1.24333333333333,
        -1.2533333333333299,
        -1.26333333333333,
        -1.2733333333333299,
        -1.2833333333333299,
        -1.29333333333333,
        -1.30333333333333,
        -1.31333333333333,
        -1.32333333333333,
        -1.33333333333333,
        -1.34333333333333,
        -1.35333333333333,
        -1.36333333333333,
        -1.37333333333333,
        -1.38333333333333,
        -1.39333333333333,
        -1.40333333333333,
        -1.41333333333333,
        -1.42333333333333,
        -1.43333333333333,
        -1.44333333333333,
        -1.45333333333333,
        -1.46333333333333,
        -1.47333333333333,
        -1.48333333333333,
        -1.49333333333333,
        -1.5033333333333299,
        -1.51333333333333,
        -1.5233333333333299,
        -1.53333333333333,
        -1.54333333333333,
        -1.55333333333333,
        -1.56333333333333,
        -1.57333333333333,
        -1.58333333333333,
        -1.59333333333333,
        -1.60333333333333,
        -1.61333333333333,
        -1.62333333333333,
        -1.63333333333333,
        -1.64333333333333,
        -1.65333333333333,
        -1.66333333333333,
        -1.67333333333333,
        -1.68333333333333,
        -1.69333333333333,
        -1.70333333333333,
        -1.7133333333333298,
        -1.72333333333333,
        -1.7333333333333298,
        -1.74333333333333,
        -1.7533333333333299,
        -1.76333333333333,
        -1.7733333333333299,
        -1.78333333333333,
        -1.79333333333333,
        -1.8033333333333301,
        -1.81333333333333,
        -1.8233333333333301,
        -1.83333333333333,
        -1.84333333333333
    ]
}