{
    "X": [
        -1.2128725806451608,
        -1.2027788594470041,
        -1.1926851382488475,
        -1.1825914170506908,
        -1.1724976958525342,
        -1.1624039746543775,
        -1.1523102534562208,
        -1.142216532258064,
        -1.1321228110599073,
        -1.1220290898617507,
        -1.111935368663594,
        -1.1018416474654373,
        -1.0917479262672807,
        -1.081654205069124,
        -1.0715604838709674,
        -1.0614667626728107,
        -1.051373041474654,
        -1.0412793202764972,
        -1.0311855990783405,
        -1.0210918778801839,
        -1.0109981566820272,
        -1.0009044354838705,
        -0.9908107142857139,
        -0.9807169930875572,
        -0.9706232718894006,
        -0.9605295506912439,
        -0.9504358294930872,
        -0.9403421082949306,
        -0.9302483870967738,
        -0.9201546658986172,
        -0.9100609447004605,
        -0.8999672235023037,
        -0.8898735023041471,
        -0.8797797811059904,
        -0.8696860599078338,
        -0.8595923387096771,
        -0.8494986175115204,
        -0.8394048963133638,
        -0.8293111751152071,
        -0.8192174539170505,
        -0.8091237327188937,
        -0.799030011520737,
        -0.7889362903225804,
        -0.7788425691244236,
        -0.768748847926267,
        -0.7586551267281103,
        -0.7485614055299536,
        -0.738467684331797,
        -0.7283739631336403,
        -0.7182802419354837,
        -0.7081865207373269,
        -0.6980927995391703,
        -0.6879990783410136,
        -0.6779053571428569,
        -0.6678116359447003,
        -0.6577179147465436,
        -0.6476241935483869,
        -0.6375304723502302,
        -0.6274367511520735,
        -0.6173430299539169,
        -0.6072493087557602,
        -0.5971555875576036,
        -0.5870618663594468,
        -0.5769681451612901,
        -0.5668744239631335,
        -0.5567807027649768,
        -0.5466869815668202,
        -0.5365932603686634,
        -0.5264995391705067,
        -0.5164058179723501,
        -0.5063120967741934,
        -0.49621837557603676,
        -0.4861246543778801,
        -0.47603093317972334,
        -0.4659372119815667,
        -0.45584349078341,
        -0.44574976958525336,
        -0.4356560483870967,
        -0.42556232718894005,
        -0.4154686059907833,
        -0.4053748847926266,
        -0.39528116359446996,
        -0.3851874423963133,
        -0.37509372119815665,
        -0.365
    ],
    "Y": [
        2.3062575268817174,
        2.306282238863284,
        2.306306950844851,
        2.306331662826418,
        2.3063563748079847,
        2.3063810867895516,
        2.3064057987711184,
        2.3064305107526852,
        2.306455222734252,
        2.306479934715819,
        2.3065046466973858,
        2.306529358678952,
        2.306554070660519,
        2.306578782642086,
        2.3066034946236527,
        2.3066282066052195,
        2.3066529185867863,
        2.306677630568353,
        2.30670234254992,
        2.306727054531487,
        2.3067517665130537,
        2.3067764784946205,
        2.3068011904761874,
        2.306825902457754,
        2.306850614439321,
        2.306875326420888,
        2.3069000384024547,
        2.3069247503840216,
        2.3069494623655884,
        2.3069741743471552,
        2.306998886328722,
        2.307023598310289,
        2.3070483102918553,
        2.307073022273422,
        2.307097734254989,
        2.307122446236556,
        2.3071471582181227,
        2.3071718701996895,
        2.3071965821812563,
        2.307221294162823,
        2.30724600614439,
        2.307270718125957,
        2.3072954301075237,
        2.3073201420890905,
        2.3073448540706574,
        2.307369566052224,
        2.307394278033791,
        2.307418990015358,
        2.3074437019969247,
        2.3074684139784916,
        2.3074931259600584,
        2.3075178379416252,
        2.307542549923192,
        2.3075672619047585,
        2.3075919738863253,
        2.307616685867892,
        2.307641397849459,
        2.307666109831026,
        2.3076908218125927,
        2.3077155337941595,
        2.3077402457757263,
        2.307764957757293,
        2.30778966973886,
        2.307814381720427,
        2.3078390937019937,
        2.3078638056835605,
        2.3078885176651274,
        2.307913229646694,
        2.307937941628261,
        2.307962653609828,
        2.3079873655913947,
        2.3080120775729616,
        2.3080367895545284,
        2.3080615015360952,
        2.3080862135176616,
        2.3081109254992285,
        2.3081356374807953,
        2.308160349462362,
        2.308185061443929,
        2.308209773425496,
        2.3082344854070627,
        2.3082591973886295,
        2.3082839093701963,
        2.308308621351763,
        2.30833333333333
    ]
}