{
    "X": [
        -0.7455301075268821,
        -0.7354193145161294,
        -0.7253085215053767,
        -0.715197728494624,
        -0.7050869354838714,
        -0.6949761424731187,
        -0.684865349462366,
        -0.6747545564516133,
        -0.6646437634408606,
        -0.6545329704301079,
        -0.6444221774193553,
        -0.6343113844086026,
        -0.6242005913978499,
        -0.6140897983870972,
        -0.6039790053763444,
        -0.5938682123655917,
        -0.583757419354839,
        -0.5736466263440864,
        -0.5635358333333337,
        -0.553425040322581,
        -0.5433142473118283,
        -0.5332034543010756,
        -0.523092661290323,
        -0.5129818682795703,
        -0.5028710752688176,
        -0.4927602822580649,
        -0.4826494892473122,
        -0.4725386962365595,
        -0.4624279032258068,
        -0.4523171102150541,
        -0.4422063172043014,
        -0.43209552419354874,
        -0.42198473118279606,
        -0.4118739381720434,
        -0.4017631451612907,
        -0.391652352150538,
        -0.3815415591397853,
        -0.37143076612903264,
        -0.3613199731182799,
        -0.3512091801075272,
        -0.34109838709677454,
        -0.33098759408602185,
        -0.32087680107526917,
        -0.3107660080645165,
        -0.3006552150537638,
        -0.2905444220430111,
        -0.28043362903225844,
        -0.27032283602150575,
        -0.26021204301075307,
        -0.25010125000000033,
        -0.2399904569892477,
        -0.22987966397849502,
        -0.21976887096774234,
        -0.20965807795698965,
        -0.19954728494623686,
        -0.18943649193548417,
        -0.1793256989247315,
        -0.1692149059139788,
        -0.15910411290322612,
        -0.14899331989247344,
        -0.13888252688172076,
        -0.12877173387096807,
        -0.11866094086021539,
        -0.10855014784946271,
        -0.09843935483871002,
        -0.08832856182795734,
        -0.07821776881720466,
        -0.06810697580645197,
        -0.05799618279569929,
        -0.04788538978494661,
        -0.037774596774193925,
        -0.02766380376344124,
        -0.017553010752688558,
        -0.007442217741935875,
        0.0026685752688168085,
        0.012779368279569603,
        0.022890161290322286,
        0.03300095430107497,
        0.04311174731182765,
        0.053222540322580336,
        0.063333333333333
    ],
    "Y": [
        -0.3645962365591393,
        -0.3645179502688167,
        -0.36443966397849414,
        -0.36436137768817156,
        -0.364283091397849,
        -0.3642048051075264,
        -0.3641265188172038,
        -0.36404823252688123,
        -0.36396994623655865,
        -0.3638916599462361,
        -0.36381337365591354,
        -0.36373508736559096,
        -0.3636568010752684,
        -0.3635785147849458,
        -0.3635002284946232,
        -0.36342194220430063,
        -0.36334365591397805,
        -0.36326536962365547,
        -0.3631870833333329,
        -0.3631087970430103,
        -0.3630305107526877,
        -0.36295222446236514,
        -0.36287393817204255,
        -0.36279565188171997,
        -0.36271736559139744,
        -0.36263907930107486,
        -0.3625607930107523,
        -0.3624825067204297,
        -0.3624042204301071,
        -0.36232593413978453,
        -0.36224764784946195,
        -0.36216936155913937,
        -0.3620910752688168,
        -0.3620127889784942,
        -0.3619345026881716,
        -0.36185621639784904,
        -0.36177793010752646,
        -0.3616996438172039,
        -0.3616213575268813,
        -0.3615430712365587,
        -0.36146478494623613,
        -0.3613864986559136,
        -0.361308212365591,
        -0.36122992607526844,
        -0.36115163978494585,
        -0.3610733534946233,
        -0.3609950672043007,
        -0.3609167809139781,
        -0.3608384946236555,
        -0.36076020833333294,
        -0.36068192204301036,
        -0.3606036357526878,
        -0.3605253494623652,
        -0.3604470631720426,
        -0.36036877688172003,
        -0.36029049059139745,
        -0.3602122043010749,
        -0.36013391801075234,
        -0.36005563172042976,
        -0.3599773454301072,
        -0.3598990591397846,
        -0.359820772849462,
        -0.35974248655913943,
        -0.35966420026881685,
        -0.35958591397849426,
        -0.3595076276881717,
        -0.3594293413978491,
        -0.3593510551075265,
        -0.35927276881720394,
        -0.35919448252688135,
        -0.35911619623655877,
        -0.3590379099462362,
        -0.3589596236559136,
        -0.3588813373655911,
        -0.3588030510752685,
        -0.3587247647849459,
        -0.35864647849462333,
        -0.35856819220430075,
        -0.35848990591397817,
        -0.3584116196236556,
        -0.358333333333333
    ]
}